People at Gym, Timestamp
31, Tue Mar 22 23:14:49 EDT 2022
29, Tue Mar 22 23:19:25 EDT 2022
19, Tue Mar 22 23:35:11 EDT 2022
14, Tue Mar 22 23:50:43 EDT 2022
12, Tue Mar 22 23:56:10 EDT 2022
8, Wed Mar 23 00:07:40 EDT 2022
5, Wed Mar 23 00:32:09 EDT 2022
2, Wed Mar 23 00:48:19 EDT 2022
4, Wed Mar 23 00:55:47 EDT 2022
3, Wed Mar 23 01:03:54 EDT 2022
3, Wed Mar 23 01:20:46 EDT 2022
3, Wed Mar 23 01:29:24 EDT 2022
3, Wed Mar 23 01:35:13 EDT 2022
3, Wed Mar 23 01:40:20 EDT 2022
3, Wed Mar 23 01:45:29 EDT 2022
1, Wed Mar 23 01:50:36 EDT 2022
1, Wed Mar 23 01:55:42 EDT 2022
1, Wed Mar 23 02:07:54 EDT 2022
0, Wed Mar 23 02:31:19 EDT 2022
0, Wed Mar 23 02:46:50 EDT 2022
0, Wed Mar 23 02:53:59 EDT 2022
0, Wed Mar 23 02:59:07 EDT 2022
0, Wed Mar 23 03:13:01 EDT 2022
0, Wed Mar 23 03:26:54 EDT 2022
2, Wed Mar 23 03:34:49 EDT 2022
2, Wed Mar 23 03:41:00 EDT 2022
2, Wed Mar 23 03:46:20 EDT 2022
2, Wed Mar 23 03:51:43 EDT 2022
2, Wed Mar 23 03:56:44 EDT 2022
2, Wed Mar 23 04:10:54 EDT 2022
3, Wed Mar 23 04:31:48 EDT 2022
3, Wed Mar 23 04:43:19 EDT 2022
3, Wed Mar 23 04:49:31 EDT 2022
3, Wed Mar 23 04:54:34 EDT 2022
3, Wed Mar 23 04:59:43 EDT 2022
3, Wed Mar 23 05:13:55 EDT 2022
4, Wed Mar 23 05:28:21 EDT 2022
6, Wed Mar 23 05:36:42 EDT 2022
6, Wed Mar 23 05:43:02 EDT 2022
6, Wed Mar 23 05:48:09 EDT 2022
7, Wed Mar 23 05:53:23 EDT 2022
10, Wed Mar 23 05:58:45 EDT 2022
12, Wed Mar 23 06:13:32 EDT 2022
19, Wed Mar 23 06:32:20 EDT 2022
23, Wed Mar 23 06:42:35 EDT 2022
28, Wed Mar 23 06:48:04 EDT 2022
35, Wed Mar 23 06:53:11 EDT 2022
48, Wed Mar 23 06:58:18 EDT 2022
59, Wed Mar 23 07:08:47 EDT 2022
66, Wed Mar 23 07:19:36 EDT 2022
81, Wed Mar 23 07:26:38 EDT 2022
91, Wed Mar 23 07:32:14 EDT 2022
94, Wed Mar 23 07:38:12 EDT 2022
99, Wed Mar 23 07:43:17 EDT 2022
101, Wed Mar 23 07:48:37 EDT 2022
102, Wed Mar 23 07:54:02 EDT 2022
103, Wed Mar 23 07:59:17 EDT 2022
70, Wed Mar 23 08:23:59 EDT 2022
80, Wed Mar 23 08:55:28 EDT 2022
89, Wed Mar 23 09:15:43 EDT 2022
102, Wed Mar 23 09:34:34 EDT 2022
92, Wed Mar 23 09:43:35 EDT 2022
90, Wed Mar 23 09:48:38 EDT 2022
90, Wed Mar 23 09:53:58 EDT 2022
89, Wed Mar 23 09:59:24 EDT 2022
93, Wed Mar 23 10:12:57 EDT 2022
77, Wed Mar 23 10:26:22 EDT 2022
77, Wed Mar 23 10:32:09 EDT 2022
84, Wed Mar 23 10:37:15 EDT 2022
79, Wed Mar 23 10:42:17 EDT 2022
84, Wed Mar 23 10:58:11 EDT 2022
82, Wed Mar 23 11:12:03 EDT 2022
79, Wed Mar 23 11:30:22 EDT 2022
79, Wed Mar 23 11:41:26 EDT 2022
82, Wed Mar 23 11:48:28 EDT 2022
77, Wed Mar 23 11:53:36 EDT 2022
76, Wed Mar 23 11:58:50 EDT 2022
86, Wed Mar 23 12:16:59 EDT 2022
102, Wed Mar 23 12:45:43 EDT 2022
109, Wed Mar 23 13:00:01 EDT 2022
110, Wed Mar 23 13:16:26 EDT 2022
105, Wed Mar 23 13:31:19 EDT 2022
106, Wed Mar 23 13:39:52 EDT 2022
106, Wed Mar 23 13:44:58 EDT 2022
108, Wed Mar 23 13:50:07 EDT 2022
107, Wed Mar 23 13:55:25 EDT 2022
111, Wed Mar 23 14:02:35 EDT 2022
111, Wed Mar 23 14:25:51 EDT 2022
120, Wed Mar 23 14:40:37 EDT 2022
131, Wed Mar 23 14:50:17 EDT 2022
126, Wed Mar 23 14:55:23 EDT 2022
126, Wed Mar 23 15:01:26 EDT 2022
130, Wed Mar 23 15:14:54 EDT 2022
143, Wed Mar 23 15:23:21 EDT 2022
148, Wed Mar 23 15:28:22 EDT 2022
153, Wed Mar 23 15:34:26 EDT 2022
150, Wed Mar 23 15:39:31 EDT 2022
157, Wed Mar 23 15:44:56 EDT 2022
159, Wed Mar 23 15:49:59 EDT 2022
160, Wed Mar 23 15:55:24 EDT 2022
159, Wed Mar 23 16:01:51 EDT 2022
170, Wed Mar 23 16:19:49 EDT 2022
196, Wed Mar 23 16:31:45 EDT 2022
208, Wed Mar 23 16:39:45 EDT 2022
207, Wed Mar 23 16:44:50 EDT 2022
209, Wed Mar 23 16:49:56 EDT 2022
209, Wed Mar 23 16:55:08 EDT 2022
211, Wed Mar 23 17:00:15 EDT 2022
218, Wed Mar 23 17:11:42 EDT 2022
208, Wed Mar 23 17:22:06 EDT 2022
209, Wed Mar 23 17:29:06 EDT 2022
211, Wed Mar 23 17:36:08 EDT 2022
214, Wed Mar 23 17:42:35 EDT 2022
216, Wed Mar 23 17:47:42 EDT 2022
212, Wed Mar 23 17:53:02 EDT 2022
225, Wed Mar 23 17:58:25 EDT 2022
260, Wed Mar 23 18:11:50 EDT 2022
274, Wed Mar 23 18:27:49 EDT 2022
271, Wed Mar 23 18:36:34 EDT 2022
263, Wed Mar 23 18:41:54 EDT 2022
269, Wed Mar 23 18:47:23 EDT 2022
266, Wed Mar 23 18:52:49 EDT 2022
282, Wed Mar 23 18:58:14 EDT 2022
283, Wed Mar 23 19:11:14 EDT 2022
268, Wed Mar 23 19:26:42 EDT 2022
277, Wed Mar 23 19:34:55 EDT 2022
266, Wed Mar 23 19:41:31 EDT 2022
266, Wed Mar 23 19:46:40 EDT 2022
259, Wed Mar 23 19:51:52 EDT 2022
255, Wed Mar 23 19:57:14 EDT 2022
217, Wed Mar 23 20:41:25 EDT 2022
116, Wed Mar 23 22:08:23 EDT 2022
106, Wed Mar 23 22:11:54 EDT 2022
102, Wed Mar 23 22:17:07 EDT 2022
73, Wed Mar 23 22:56:25 EDT 2022
48, Wed Mar 23 23:15:13 EDT 2022
39, Wed Mar 23 23:34:52 EDT 2022
30, Wed Mar 23 23:46:25 EDT 2022
24, Wed Mar 23 23:51:49 EDT 2022
23, Wed Mar 23 23:56:54 EDT 2022
16, Thu Mar 24 00:10:50 EDT 2022
9, Thu Mar 24 00:35:20 EDT 2022
7, Thu Mar 24 00:50:43 EDT 2022
6, Thu Mar 24 00:57:13 EDT 2022
5, Thu Mar 24 01:08:19 EDT 2022
0, Thu Mar 24 01:23:09 EDT 2022
0, Thu Mar 24 01:29:59 EDT 2022
0, Thu Mar 24 01:35:46 EDT 2022
0, Thu Mar 24 01:40:55 EDT 2022
0, Thu Mar 24 01:46:17 EDT 2022
0, Thu Mar 24 01:51:32 EDT 2022
0, Thu Mar 24 01:56:40 EDT 2022
0, Thu Mar 24 02:10:19 EDT 2022
1, Thu Mar 24 02:32:26 EDT 2022
0, Thu Mar 24 02:47:32 EDT 2022
1, Thu Mar 24 02:54:01 EDT 2022
1, Thu Mar 24 02:59:12 EDT 2022
1, Thu Mar 24 03:13:06 EDT 2022
1, Thu Mar 24 03:26:33 EDT 2022
1, Thu Mar 24 03:33:00 EDT 2022
1, Thu Mar 24 03:38:37 EDT 2022
1, Thu Mar 24 03:43:45 EDT 2022
1, Thu Mar 24 03:48:50 EDT 2022
2, Thu Mar 24 03:54:13 EDT 2022
2, Thu Mar 24 03:59:30 EDT 2022
3, Thu Mar 24 04:17:09 EDT 2022
2, Thu Mar 24 04:34:26 EDT 2022
3, Thu Mar 24 04:44:36 EDT 2022
3, Thu Mar 24 04:49:40 EDT 2022
3, Thu Mar 24 04:54:46 EDT 2022
3, Thu Mar 24 04:59:52 EDT 2022
3, Thu Mar 24 05:15:07 EDT 2022
3, Thu Mar 24 05:29:06 EDT 2022
3, Thu Mar 24 05:37:32 EDT 2022
4, Thu Mar 24 05:43:36 EDT 2022
4, Thu Mar 24 05:48:53 EDT 2022
4, Thu Mar 24 05:53:56 EDT 2022
4, Thu Mar 24 05:59:20 EDT 2022
6, Thu Mar 24 06:15:09 EDT 2022
9, Thu Mar 24 06:32:09 EDT 2022
14, Thu Mar 24 06:42:04 EDT 2022
17, Thu Mar 24 06:47:20 EDT 2022
25, Thu Mar 24 06:52:23 EDT 2022
27, Thu Mar 24 06:57:42 EDT 2022
32, Thu Mar 24 07:08:37 EDT 2022
33, Thu Mar 24 07:22:01 EDT 2022
43, Thu Mar 24 07:28:54 EDT 2022
44, Thu Mar 24 07:34:35 EDT 2022
49, Thu Mar 24 07:39:38 EDT 2022
54, Thu Mar 24 07:44:54 EDT 2022
62, Thu Mar 24 07:49:58 EDT 2022
67, Thu Mar 24 07:55:12 EDT 2022
66, Thu Mar 24 08:07:59 EDT 2022
68, Thu Mar 24 08:43:21 EDT 2022
74, Thu Mar 24 09:05:57 EDT 2022
63, Thu Mar 24 09:30:15 EDT 2022
54, Thu Mar 24 09:40:46 EDT 2022
63, Thu Mar 24 09:45:53 EDT 2022
63, Thu Mar 24 09:51:04 EDT 2022
67, Thu Mar 24 09:56:08 EDT 2022
75, Thu Mar 24 10:07:04 EDT 2022
84, Thu Mar 24 10:23:13 EDT 2022
82, Thu Mar 24 10:31:06 EDT 2022
79, Thu Mar 24 10:38:03 EDT 2022
86, Thu Mar 24 10:43:12 EDT 2022
88, Thu Mar 24 10:48:19 EDT 2022
94, Thu Mar 24 10:53:34 EDT 2022
92, Thu Mar 24 10:58:45 EDT 2022
92, Thu Mar 24 11:13:22 EDT 2022
92, Thu Mar 24 11:31:24 EDT 2022
92, Thu Mar 24 11:42:44 EDT 2022
90, Thu Mar 24 11:49:26 EDT 2022
87, Thu Mar 24 11:54:34 EDT 2022
99, Thu Mar 24 11:59:45 EDT 2022
114, Thu Mar 24 12:20:27 EDT 2022
109, Thu Mar 24 12:48:34 EDT 2022
110, Thu Mar 24 13:11:48 EDT 2022
106, Thu Mar 24 13:39:11 EDT 2022
103, Thu Mar 24 13:50:48 EDT 2022
101, Thu Mar 24 13:55:30 EDT 2022
94, Thu Mar 24 14:06:42 EDT 2022
91, Thu Mar 24 14:29:37 EDT 2022
82, Thu Mar 24 14:43:21 EDT 2022
86, Thu Mar 24 14:51:25 EDT 2022
83, Thu Mar 24 14:56:28 EDT 2022
82, Thu Mar 24 15:05:58 EDT 2022
90, Thu Mar 24 15:18:41 EDT 2022
107, Thu Mar 24 15:25:03 EDT 2022
105, Thu Mar 24 15:30:10 EDT 2022
115, Thu Mar 24 15:36:07 EDT 2022
114, Thu Mar 24 15:41:08 EDT 2022
107, Thu Mar 24 15:46:34 EDT 2022
108, Thu Mar 24 15:51:39 EDT 2022
119, Thu Mar 24 15:56:57 EDT 2022
127, Thu Mar 24 16:09:37 EDT 2022
145, Thu Mar 24 16:27:27 EDT 2022
162, Thu Mar 24 16:36:13 EDT 2022
176, Thu Mar 24 16:42:54 EDT 2022
177, Thu Mar 24 16:48:11 EDT 2022
175, Thu Mar 24 16:53:17 EDT 2022
179, Thu Mar 24 16:58:37 EDT 2022
167, Thu Mar 24 17:11:37 EDT 2022
175, Thu Mar 24 17:25:37 EDT 2022
182, Thu Mar 24 17:32:52 EDT 2022
188, Thu Mar 24 17:40:01 EDT 2022
197, Thu Mar 24 17:45:04 EDT 2022
198, Thu Mar 24 17:50:11 EDT 2022
207, Thu Mar 24 17:55:20 EDT 2022
221, Thu Mar 24 18:03:20 EDT 2022
247, Thu Mar 24 18:23:22 EDT 2022
254, Thu Mar 24 18:34:37 EDT 2022
253, Thu Mar 24 18:42:03 EDT 2022
259, Thu Mar 24 18:47:07 EDT 2022
266, Thu Mar 24 18:52:14 EDT 2022
272, Thu Mar 24 18:57:19 EDT 2022
298, Thu Mar 24 19:09:29 EDT 2022
305, Thu Mar 24 19:25:55 EDT 2022
293, Thu Mar 24 19:34:31 EDT 2022
285, Thu Mar 24 19:41:33 EDT 2022
279, Thu Mar 24 19:46:40 EDT 2022
281, Thu Mar 24 19:51:53 EDT 2022
272, Thu Mar 24 19:57:00 EDT 2022
270, Thu Mar 24 20:36:02 EDT 2022
92, Thu Mar 24 22:05:34 EDT 2022
54, Thu Mar 24 22:50:21 EDT 2022
34, Thu Mar 24 23:09:20 EDT 2022
28, Thu Mar 24 23:30:24 EDT 2022
22, Thu Mar 24 23:42:38 EDT 2022
21, Thu Mar 24 23:49:30 EDT 2022
21, Thu Mar 24 23:54:40 EDT 2022
22, Fri Mar 25 00:00:02 EDT 2022
9, Fri Mar 25 00:20:23 EDT 2022
9, Fri Mar 25 00:42:25 EDT 2022
9, Fri Mar 25 00:54:06 EDT 2022
8, Fri Mar 25 00:59:12 EDT 2022
9, Fri Mar 25 01:12:49 EDT 2022
4, Fri Mar 25 01:26:06 EDT 2022
4, Fri Mar 25 01:32:21 EDT 2022
3, Fri Mar 25 01:38:07 EDT 2022
3, Fri Mar 25 01:43:15 EDT 2022
3, Fri Mar 25 01:48:34 EDT 2022
3, Fri Mar 25 01:53:45 EDT 2022
3, Fri Mar 25 01:59:02 EDT 2022
0, Fri Mar 25 02:16:57 EDT 2022
0, Fri Mar 25 02:37:54 EDT 2022
0, Fri Mar 25 02:51:00 EDT 2022
0, Fri Mar 25 02:56:04 EDT 2022
0, Fri Mar 25 03:06:32 EDT 2022
1, Fri Mar 25 03:22:43 EDT 2022
1, Fri Mar 25 03:30:44 EDT 2022
1, Fri Mar 25 03:36:36 EDT 2022
2, Fri Mar 25 03:41:39 EDT 2022
2, Fri Mar 25 03:46:52 EDT 2022
2, Fri Mar 25 03:52:15 EDT 2022
3, Fri Mar 25 03:57:23 EDT 2022
3, Fri Mar 25 04:11:23 EDT 2022
3, Fri Mar 25 04:31:40 EDT 2022
4, Fri Mar 25 04:42:45 EDT 2022
4, Fri Mar 25 04:48:44 EDT 2022
4, Fri Mar 25 04:53:51 EDT 2022
4, Fri Mar 25 04:59:03 EDT 2022
5, Fri Mar 25 05:13:28 EDT 2022
5, Fri Mar 25 05:28:38 EDT 2022
5, Fri Mar 25 05:37:08 EDT 2022
5, Fri Mar 25 05:43:30 EDT 2022
4, Fri Mar 25 05:48:32 EDT 2022
4, Fri Mar 25 05:53:39 EDT 2022
8, Fri Mar 25 05:58:51 EDT 2022
9, Fri Mar 25 06:15:16 EDT 2022
15, Fri Mar 25 06:33:11 EDT 2022
20, Fri Mar 25 06:43:26 EDT 2022
22, Fri Mar 25 06:48:39 EDT 2022
29, Fri Mar 25 06:53:47 EDT 2022
35, Fri Mar 25 06:58:51 EDT 2022
45, Fri Mar 25 07:11:17 EDT 2022
59, Fri Mar 25 07:24:05 EDT 2022
64, Fri Mar 25 07:29:55 EDT 2022
67, Fri Mar 25 07:35:17 EDT 2022
70, Fri Mar 25 07:40:22 EDT 2022
71, Fri Mar 25 07:45:38 EDT 2022
72, Fri Mar 25 07:50:58 EDT 2022
72, Fri Mar 25 07:56:05 EDT 2022
67, Fri Mar 25 08:11:07 EDT 2022
107, Fri Mar 25 09:18:15 EDT 2022
114, Fri Mar 25 09:51:39 EDT 2022
117, Fri Mar 25 09:57:42 EDT 2022
117, Fri Mar 25 10:09:04 EDT 2022
107, Fri Mar 25 10:23:08 EDT 2022
106, Fri Mar 25 10:30:33 EDT 2022
105, Fri Mar 25 10:36:53 EDT 2022
103, Fri Mar 25 10:41:56 EDT 2022
100, Fri Mar 25 10:47:09 EDT 2022
93, Fri Mar 25 10:52:35 EDT 2022
100, Fri Mar 25 10:57:58 EDT 2022
91, Fri Mar 25 11:13:32 EDT 2022
101, Fri Mar 25 11:29:12 EDT 2022
106, Fri Mar 25 11:40:27 EDT 2022
102, Fri Mar 25 11:48:26 EDT 2022
98, Fri Mar 25 11:53:34 EDT 2022
103, Fri Mar 25 11:58:53 EDT 2022
116, Fri Mar 25 12:19:08 EDT 2022
134, Fri Mar 25 12:49:19 EDT 2022
125, Fri Mar 25 13:03:03 EDT 2022
119, Fri Mar 25 13:23:14 EDT 2022
104, Fri Mar 25 13:35:03 EDT 2022
102, Fri Mar 25 13:42:33 EDT 2022
102, Fri Mar 25 13:47:37 EDT 2022
103, Fri Mar 25 13:52:46 EDT 2022
108, Fri Mar 25 13:58:08 EDT 2022
